<?xml version="1.0" encoding="UTF-8"?>
<beans xmlns="http://www.springframework.org/schema/beans"
xmlns:xsi="http://www.w3.org/2001/XMLSchema-instance"
xsi:schemaLocation="http://www.springframework.org/schema/beans
http://www.springframework.org/schema/beans/spring-beans.xsd">
<bean class="SpringFirstApp.Employee" name="employee">
<property name="name">
<value>Jaynam</value>
</property>
<property name="email">
<value>Jaynam@yash.com</value>
</property>
<property name="salary">
<value>400000</value>
</property>
<property name="empid">
<value>1</value>
</property>
</bean>
<bean class="SpringFirstApp.Employee" name="employee1">
<property name="name">
<value>Yash</value>
</property>
<property name="email">
<value>Yash@yash.com</value>
</property>
<property name="salary">
<value>400000</value>
</property>
<property name="empid">
<value>2</value>
</property>
</bean>
</beans>